{
    "dataset": "wnut_17",
    "model": "gladiator_bert_large_uncased_ner_wnut_17",
    "dataset_params": {
        "shuffle": true,
        "shuffle_seed": 0,
        "N": 500,
        "split": "test"
    },
    "eval_params": {
        "device": "cpu",
        "metrics": [
            "seqeval"
        ],
        "other_params": {
            "input_column": "tokens",
            "label_column": "ner_tags"
        }
    },
    "eval": {
        "corporation": {
            "precision": 0.375,
            "recall": 0.375,
            "f1": 0.375,
            "number": 24
        },
        "creative-work": {
            "precision": 0.3333333333333333,
            "recall": 0.16666666666666666,
            "f1": 0.2222222222222222,
            "number": 48
        },
        "group": {
            "precision": 0.34615384615384615,
            "recall": 0.13432835820895522,
            "f1": 0.1935483870967742,
            "number": 67
        },
        "location": {
            "precision": 0.6122448979591837,
            "recall": 0.5555555555555556,
            "f1": 0.5825242718446603,
            "number": 54
        },
        "person": {
            "precision": 0.8240740740740741,
            "recall": 0.5393939393939394,
            "f1": 0.652014652014652,
            "number": 165
        },
        "product": {
            "precision": 0.16666666666666666,
            "recall": 0.06382978723404255,
            "f1": 0.09230769230769229,
            "number": 47
        },
        "overall_precision": 0.5943775100401606,
        "overall_recall": 0.3654320987654321,
        "overall_f1": 0.4525993883792048,
        "overall_accuracy": 0.9519794344473008,
        "total_time_in_seconds": 338.754400091,
        "samples_per_second": 1.4759955881478866,
        "latency_in_seconds": 0.677508800182,
        "model_parameter_count": 334105613
    }
}