{
    "dataset": "squad_v2",
    "model": "deepset_roberta_base_squad2_distilled",
    "dataset_params": {
        "shuffle": true,
        "shuffle_seed": 0,
        "N": 250
    },
    "eval_params": {
        "device": "cpu",
        "metrics": [
            "squad_v2"
        ],
        "other_params": {
            "question_column": "question",
            "context_column": "context",
            "id_column": "id",
            "label_column": "answers",
            "squad_v2_format": true
        }
    },
    "eval": {
        "exact": 82.4,
        "f1": 86.14673941460644,
        "total": 250,
        "HasAns_exact": 77.23577235772358,
        "HasAns_f1": 84.85109637115127,
        "HasAns_total": 123,
        "NoAns_exact": 87.4015748031496,
        "NoAns_f1": 87.4015748031496,
        "NoAns_total": 127,
        "best_exact": 82.4,
        "best_exact_thresh": 0.9959418177604675,
        "best_f1": 86.1467394146064,
        "best_f1_thresh": 0.9959418177604675,
        "total_time_in_seconds": 117.00443575000008,
        "samples_per_second": 2.1366711304361794,
        "latency_in_seconds": 0.4680177430000003,
        "model_parameter_count": 124056578
    }
}