{
    "dataset": "conll2003",
    "model": "dslim_bert_large_ner",
    "dataset_params": {
        "shuffle": true,
        "shuffle_seed": 0,
        "N": 500,
        "split": "test"
    },
    "eval_params": {
        "device": "cpu",
        "metrics": [
            "seqeval"
        ],
        "other_params": {
            "input_column": "tokens",
            "label_column": "ner_tags"
        }
    },
    "eval": {
        "LOC": {
            "precision": 0.9313304721030042,
            "recall": 0.9393939393939394,
            "f1": 0.9353448275862069,
            "number": 231
        },
        "MISC": {
            "precision": 0.6929824561403509,
            "recall": 0.8061224489795918,
            "f1": 0.7452830188679246,
            "number": 98
        },
        "ORG": {
            "precision": 0.9105058365758755,
            "recall": 0.9285714285714286,
            "f1": 0.9194499017681729,
            "number": 252
        },
        "PER": {
            "precision": 0.97265625,
            "recall": 0.9688715953307393,
            "f1": 0.9707602339181286,
            "number": 257
        },
        "overall_precision": 0.9058139534883721,
        "overall_recall": 0.9295942720763724,
        "overall_f1": 0.9175500588928152,
        "overall_accuracy": 0.9804704837993786,
        "total_time_in_seconds": 258.2644157549994,
        "samples_per_second": 1.9360003527327638,
        "latency_in_seconds": 0.5165288315099988,
        "model_parameter_count": 332538889
    }
}