{
    "dataset": "conll2003",
    "model": "gagan3012_bert_tiny_finetuned_ner",
    "dataset_params": {
        "shuffle": true,
        "shuffle_seed": 0,
        "N": 500,
        "split": "test"
    },
    "eval_params": {
        "device": "cpu",
        "metrics": [
            "seqeval"
        ],
        "other_params": {
            "input_column": "tokens",
            "label_column": "ner_tags"
        }
    },
    "eval": {
        "LOC": {
            "precision": 0.025423728813559324,
            "recall": 0.012987012987012988,
            "f1": 0.017191977077363897,
            "number": 231
        },
        "MISC": {
            "precision": 0.006944444444444444,
            "recall": 0.02040816326530612,
            "f1": 0.010362694300518133,
            "number": 98
        },
        "ORG": {
            "precision": 0.027237354085603113,
            "recall": 0.027777777777777776,
            "f1": 0.0275049115913556,
            "number": 252
        },
        "PER": {
            "precision": 0.016597510373443983,
            "recall": 0.01556420233463035,
            "f1": 0.016064257028112452,
            "number": 257
        },
        "overall_precision": 0.017699115044247787,
        "overall_recall": 0.01909307875894988,
        "overall_f1": 0.018369690011481057,
        "overall_accuracy": 0.8089954135227104,
        "total_time_in_seconds": 2.289247589000013,
        "samples_per_second": 218.41237374346633,
        "latency_in_seconds": 0.0045784951780000254,
        "model_parameter_count": 4370569
    }
}