{
    "dataset": "squad_v2",
    "model": "deepset_electra_base_squad2",
    "dataset_params": {
        "shuffle": true,
        "shuffle_seed": 0,
        "N": 250
    },
    "eval_params": {
        "device": "cpu",
        "metrics": [
            "squad_v2"
        ],
        "other_params": {
            "question_column": "question",
            "context_column": "context",
            "id_column": "id",
            "label_column": "answers",
            "squad_v2_format": true
        }
    },
    "eval": {
        "exact": 79.2,
        "f1": 82.39495322977676,
        "total": 250,
        "HasAns_exact": 76.42276422764228,
        "HasAns_f1": 82.91657160523732,
        "HasAns_total": 123,
        "NoAns_exact": 81.88976377952756,
        "NoAns_f1": 81.88976377952756,
        "NoAns_total": 127,
        "best_exact": 79.2,
        "best_exact_thresh": 0.9999862909317017,
        "best_f1": 82.39495322977676,
        "best_f1_thresh": 0.9999862909317017,
        "total_time_in_seconds": 115.89678453800025,
        "samples_per_second": 2.157091769168367,
        "latency_in_seconds": 0.463587138152001,
        "model_parameter_count": 108893186
    }
}