{
    "dataset": "squad_v2",
    "model": "deepset_bert_large_uncased_whole_word_masking_squad2",
    "dataset_params": {
        "shuffle": true,
        "shuffle_seed": 0,
        "N": 250
    },
    "eval_params": {
        "device": "cpu",
        "metrics": [
            "squad_v2"
        ],
        "other_params": {
            "question_column": "question",
            "context_column": "context",
            "id_column": "id",
            "label_column": "answers",
            "squad_v2_format": true
        }
    },
    "eval": {
        "exact": 82.4,
        "f1": 85.53079738562093,
        "total": 250,
        "HasAns_exact": 82.92682926829268,
        "HasAns_f1": 89.29023858866039,
        "HasAns_total": 123,
        "NoAns_exact": 81.88976377952756,
        "NoAns_f1": 81.88976377952756,
        "NoAns_total": 127,
        "best_exact": 82.4,
        "best_exact_thresh": 0.9960629940032959,
        "best_f1": 85.53079738562093,
        "best_f1_thresh": 0.9960629940032959,
        "total_time_in_seconds": 409.91037614500055,
        "samples_per_second": 0.6098894161965924,
        "latency_in_seconds": 1.6396415045800024,
        "model_parameter_count": 334094338
    }
}