{
    "dataset": "wnut_17",
    "model": "gladiator_roberta_large_ner_wnut_17",
    "dataset_params": {
        "shuffle": true,
        "shuffle_seed": 0,
        "N": 500,
        "split": "test"
    },
    "eval_params": {
        "device": "cpu",
        "metrics": [
            "seqeval"
        ],
        "other_params": {
            "input_column": "tokens",
            "label_column": "ner_tags"
        }
    },
    "eval": {
        "corporation": {
            "precision": 0.35294117647058826,
            "recall": 0.5,
            "f1": 0.41379310344827586,
            "number": 24
        },
        "creative-work": {
            "precision": 0.5333333333333333,
            "recall": 0.3333333333333333,
            "f1": 0.4102564102564102,
            "number": 48
        },
        "group": {
            "precision": 0.47058823529411764,
            "recall": 0.23880597014925373,
            "f1": 0.31683168316831684,
            "number": 67
        },
        "location": {
            "precision": 0.6956521739130435,
            "recall": 0.5925925925925926,
            "f1": 0.6399999999999999,
            "number": 54
        },
        "person": {
            "precision": 0.831081081081081,
            "recall": 0.7454545454545455,
            "f1": 0.7859424920127795,
            "number": 165
        },
        "product": {
            "precision": 0.4,
            "recall": 0.1276595744680851,
            "f1": 0.1935483870967742,
            "number": 47
        },
        "overall_precision": 0.6677524429967426,
        "overall_recall": 0.5061728395061729,
        "overall_f1": 0.5758426966292135,
        "overall_accuracy": 0.9567095115681233,
        "total_time_in_seconds": 356.49753295599976,
        "samples_per_second": 1.4025342499683213,
        "latency_in_seconds": 0.7129950659119995,
        "model_parameter_count": 354323469
    }
}