{
    "dataset": "squad_v2",
    "model": "mrm8488_bert_medium_finetuned_squadv2",
    "dataset_params": {
        "shuffle": true,
        "shuffle_seed": 0,
        "N": 250
    },
    "eval_params": {
        "device": "cpu",
        "metrics": [
            "squad_v2"
        ],
        "other_params": {
            "question_column": "question",
            "context_column": "context",
            "id_column": "id",
            "label_column": "answers",
            "squad_v2_format": true
        }
    },
    "eval": {
        "exact": 70.0,
        "f1": 73.3996862745098,
        "total": 250,
        "HasAns_exact": 76.42276422764228,
        "HasAns_f1": 83.33269567989797,
        "HasAns_total": 123,
        "NoAns_exact": 63.77952755905512,
        "NoAns_f1": 63.77952755905512,
        "NoAns_total": 127,
        "best_exact": 70.4,
        "best_exact_thresh": 0.9999624490737915,
        "best_f1": 73.7996862745098,
        "best_f1_thresh": 0.9999624490737915,
        "total_time_in_seconds": 38.04901701200015,
        "samples_per_second": 6.5704719762182915,
        "latency_in_seconds": 0.1521960680480006,
        "model_parameter_count": 41111554
    }
}