{
    "dataset": "conll2003",
    "model": "bhadresh_savani_electra_base_discriminator_finetuned_conll03_english",
    "dataset_params": {
        "shuffle": true,
        "shuffle_seed": 0,
        "N": 500,
        "split": "test"
    },
    "eval_params": {
        "device": "cpu",
        "metrics": [
            "seqeval"
        ],
        "other_params": {
            "input_column": "tokens",
            "label_column": "ner_tags"
        }
    },
    "eval": {
        "LOC": {
            "precision": 0.9041666666666667,
            "recall": 0.9393939393939394,
            "f1": 0.921443736730361,
            "number": 231
        },
        "MISC": {
            "precision": 0.6782608695652174,
            "recall": 0.7959183673469388,
            "f1": 0.7323943661971831,
            "number": 98
        },
        "ORG": {
            "precision": 0.9008264462809917,
            "recall": 0.8650793650793651,
            "f1": 0.8825910931174089,
            "number": 252
        },
        "PER": {
            "precision": 0.9765625,
            "recall": 0.9727626459143969,
            "f1": 0.9746588693957114,
            "number": 257
        },
        "overall_precision": 0.8944900351699883,
        "overall_recall": 0.9105011933174224,
        "overall_f1": 0.9024246008279124,
        "overall_accuracy": 0.9781032697144548,
        "total_time_in_seconds": 71.10828292699989,
        "samples_per_second": 7.031529653349982,
        "latency_in_seconds": 0.14221656585399978,
        "model_parameter_count": 108898569
    }
}