{
    "dataset": "universal_dependencies",
    "model": "koichiyasuoka_roberta_base_english_upos",
    "dataset_params": {
        "shuffle": true,
        "shuffle_seed": 0,
        "N": 500,
        "split": "test"
    },
    "eval_params": {
        "device": "cpu",
        "metrics": [
            "seqeval"
        ],
        "other_params": {
            "input_column": "tokens",
            "label_column": "upos"
        }
    },
    "eval": {
        "ADJ": {
            "precision": 0.0,
            "recall": 0.0,
            "f1": 0.0,
            "number": 0
        },
        "ADP": {
            "precision": 0.0,
            "recall": 0.0,
            "f1": 0.0,
            "number": 0
        },
        "ADV": {
            "precision": 0.0,
            "recall": 0.0,
            "f1": 0.0,
            "number": 0
        },
        "ART": {
            "precision": 0.9459459459459459,
            "recall": 0.695364238410596,
            "f1": 0.801526717557252,
            "number": 151
        },
        "AUX": {
            "precision": 0.0,
            "recall": 0.0,
            "f1": 0.0,
            "number": 0
        },
        "AUX+PART": {
            "precision": 0.0,
            "recall": 0.0,
            "f1": 0.0,
            "number": 0
        },
        "CONJ": {
            "precision": 0.9964539007092199,
            "recall": 0.9859649122807017,
            "f1": 0.9911816578483246,
            "number": 285
        },
        "DJ": {
            "precision": 0.8821917808219178,
            "recall": 0.8870523415977961,
            "f1": 0.8846153846153847,
            "number": 363
        },
        "DP": {
            "precision": 0.973741794310722,
            "recall": 0.978021978021978,
            "f1": 0.975877192982456,
            "number": 455
        },
        "DV": {
            "precision": 0.8957528957528957,
            "recall": 0.8754716981132076,
            "f1": 0.8854961832061069,
            "number": 265
        },
        "ERB": {
            "precision": 0.9555189456342669,
            "recall": 0.9369951534733441,
            "f1": 0.9461663947797716,
            "number": 619
        },
        "ET": {
            "precision": 0.9866962305986696,
            "recall": 0.9910913140311804,
            "f1": 0.9888888888888889,
            "number": 449
        },
        "INTJ": {
            "precision": 0.0,
            "recall": 0.0,
            "f1": 0.0,
            "number": 0
        },
        "NOUN": {
            "precision": 0.0,
            "recall": 0.0,
            "f1": 0.0,
            "number": 0
        },
        "NTJ": {
            "precision": 0.9,
            "recall": 0.8709677419354839,
            "f1": 0.8852459016393444,
            "number": 31
        },
        "NUM": {
            "precision": 0.0,
            "recall": 0.0,
            "f1": 0.0,
            "number": 0
        },
        "OUN": {
            "precision": 0.9228687415426252,
            "recall": 0.8357843137254902,
            "f1": 0.8771704180064308,
            "number": 816
        },
        "PART": {
            "precision": 0.0,
            "recall": 0.0,
            "f1": 0.0,
            "number": 0
        },
        "PRON": {
            "precision": 0.0,
            "recall": 0.0,
            "f1": 0.0,
            "number": 0
        },
        "PROPN": {
            "precision": 0.0,
            "recall": 0.0,
            "f1": 0.0,
            "number": 0
        },
        "PUNCT": {
            "precision": 0.0,
            "recall": 0.0,
            "f1": 0.0,
            "number": 0
        },
        "RON": {
            "precision": 0.9151873767258383,
            "recall": 0.90625,
            "f1": 0.9106967615309127,
            "number": 512
        },
        "RON+AUX": {
            "precision": 0.0,
            "recall": 0.0,
            "f1": 0.0,
            "number": 0
        },
        "ROPN": {
            "precision": 0.6476190476190476,
            "recall": 0.42105263157894735,
            "f1": 0.5103189493433397,
            "number": 323
        },
        "SYM": {
            "precision": 0.0,
            "recall": 0.0,
            "f1": 0.0,
            "number": 0
        },
        "UM": {
            "precision": 0.898989898989899,
            "recall": 0.6793893129770993,
            "f1": 0.773913043478261,
            "number": 131
        },
        "UNCT": {
            "precision": 0.9971014492753624,
            "recall": 0.9745042492917847,
            "f1": 0.9856733524355301,
            "number": 706
        },
        "UX": {
            "precision": 0.9652777777777778,
            "recall": 0.8057971014492754,
            "f1": 0.8783570300157978,
            "number": 345
        },
        "VERB": {
            "precision": 0.0,
            "recall": 0.0,
            "f1": 0.0,
            "number": 0
        },
        "X": {
            "precision": 0.0,
            "recall": 0.0,
            "f1": 0.0,
            "number": 0
        },
        "YM": {
            "precision": 0.7619047619047619,
            "recall": 0.8421052631578947,
            "f1": 0.8,
            "number": 19
        },
        "_": {
            "precision": 0.0,
            "recall": 0.0,
            "f1": 0.0,
            "number": 106
        },
        "overall_precision": 0.8419757426612762,
        "overall_recall": 0.859038737446198,
        "overall_f1": 0.8504216600088772,
        "overall_accuracy": 0.8695579926886009,
        "total_time_in_seconds": 65.44977945100027,
        "samples_per_second": 7.6394451470127684,
        "latency_in_seconds": 0.13089955890200053,
        "model_parameter_count": 124214992
    }
}