{
    "dataset": "conll2003",
    "model": "gladiator_albert_large_v2_ner_conll2003",
    "dataset_params": {
        "shuffle": true,
        "shuffle_seed": 0,
        "N": 500,
        "split": "test"
    },
    "eval_params": {
        "device": "cpu",
        "metrics": [
            "seqeval"
        ],
        "other_params": {
            "input_column": "tokens",
            "label_column": "ner_tags"
        }
    },
    "eval": {
        "LOC": {
            "precision": 0.8729508196721312,
            "recall": 0.922077922077922,
            "f1": 0.8968421052631579,
            "number": 231
        },
        "MISC": {
            "precision": 0.6981132075471698,
            "recall": 0.7551020408163265,
            "f1": 0.7254901960784315,
            "number": 98
        },
        "ORG": {
            "precision": 0.8951612903225806,
            "recall": 0.8809523809523809,
            "f1": 0.8880000000000001,
            "number": 252
        },
        "PER": {
            "precision": 0.984,
            "recall": 0.9571984435797666,
            "f1": 0.9704142011834319,
            "number": 257
        },
        "overall_precision": 0.8903301886792453,
        "overall_recall": 0.9009546539379475,
        "overall_f1": 0.8956109134045077,
        "overall_accuracy": 0.9754401538689155,
        "total_time_in_seconds": 263.0732037880007,
        "samples_per_second": 1.9006116655002552,
        "latency_in_seconds": 0.5261464075760014,
        "model_parameter_count": 16643593
    }
}