{
    "dataset": "universal_dependencies",
    "model": "wietsedv_xlm_roberta_base_ft_udpos28_en",
    "dataset_params": {
        "shuffle": true,
        "shuffle_seed": 0,
        "N": 500,
        "split": "test"
    },
    "eval_params": {
        "device": "cpu",
        "metrics": [
            "seqeval"
        ],
        "other_params": {
            "input_column": "tokens",
            "label_column": "upos"
        }
    },
    "eval": {
        "ART": {
            "precision": 0.9671052631578947,
            "recall": 0.9735099337748344,
            "f1": 0.9702970297029704,
            "number": 151
        },
        "CONJ": {
            "precision": 0.9823943661971831,
            "recall": 0.9789473684210527,
            "f1": 0.9806678383128296,
            "number": 285
        },
        "DJ": {
            "precision": 0.8877284595300261,
            "recall": 0.9366391184573003,
            "f1": 0.9115281501340482,
            "number": 363
        },
        "DP": {
            "precision": 0.9552238805970149,
            "recall": 0.9846153846153847,
            "f1": 0.9696969696969696,
            "number": 455
        },
        "DV": {
            "precision": 0.9051383399209486,
            "recall": 0.8641509433962264,
            "f1": 0.8841698841698841,
            "number": 265
        },
        "ERB": {
            "precision": 0.9709677419354839,
            "recall": 0.9725363489499192,
            "f1": 0.9717514124293786,
            "number": 619
        },
        "ET": {
            "precision": 0.9777777777777777,
            "recall": 0.9799554565701559,
            "f1": 0.9788654060066742,
            "number": 449
        },
        "NTJ": {
            "precision": 0.8484848484848485,
            "recall": 0.9032258064516129,
            "f1": 0.875,
            "number": 31
        },
        "OUN": {
            "precision": 0.9246658566221142,
            "recall": 0.9325980392156863,
            "f1": 0.928615009151922,
            "number": 816
        },
        "RON": {
            "precision": 0.8932038834951457,
            "recall": 0.8984375,
            "f1": 0.8958130477117819,
            "number": 512
        },
        "ROPN": {
            "precision": 0.7931034482758621,
            "recall": 0.7832817337461301,
            "f1": 0.7881619937694705,
            "number": 323
        },
        "UM": {
            "precision": 0.8943661971830986,
            "recall": 0.9694656488549618,
            "f1": 0.9304029304029305,
            "number": 131
        },
        "UNCT": {
            "precision": 0.9943100995732574,
            "recall": 0.990084985835694,
            "f1": 0.9921930447125621,
            "number": 706
        },
        "UX": {
            "precision": 0.8911174785100286,
            "recall": 0.9014492753623189,
            "f1": 0.8962536023054756,
            "number": 345
        },
        "YM": {
            "precision": 0.6956521739130435,
            "recall": 0.8421052631578947,
            "f1": 0.761904761904762,
            "number": 19
        },
        "_": {
            "precision": 0.5714285714285714,
            "recall": 0.03773584905660377,
            "f1": 0.07079646017699115,
            "number": 106
        },
        "overall_precision": 0.9310407239819004,
        "overall_recall": 0.9225251076040172,
        "overall_f1": 0.926763354652734,
        "overall_accuracy": 0.9451645064805583,
        "total_time_in_seconds": 69.6848551600001,
        "samples_per_second": 7.1751602102346865,
        "latency_in_seconds": 0.1393697103200002,
        "model_parameter_count": 277466129
    }
}