{
    "dataset": "squad_v2",
    "model": "deepset_roberta_large_squad2",
    "dataset_params": {
        "shuffle": true,
        "shuffle_seed": 0,
        "N": 250
    },
    "eval_params": {
        "device": "cpu",
        "metrics": [
            "squad_v2"
        ],
        "other_params": {
            "question_column": "question",
            "context_column": "context",
            "id_column": "id",
            "label_column": "answers",
            "squad_v2_format": true
        }
    },
    "eval": {
        "exact": 86.8,
        "f1": 89.69542857142858,
        "total": 250,
        "HasAns_exact": 82.11382113821138,
        "HasAns_f1": 87.99883855981416,
        "HasAns_total": 123,
        "NoAns_exact": 91.33858267716535,
        "NoAns_f1": 91.33858267716535,
        "NoAns_total": 127,
        "best_exact": 86.8,
        "best_exact_thresh": 0.9978587627410889,
        "best_f1": 89.69542857142856,
        "best_f1_thresh": 0.9978587627410889,
        "total_time_in_seconds": 411.5145026,
        "samples_per_second": 0.607512003636491,
        "latency_in_seconds": 1.6460580104,
        "model_parameter_count": 354312194
    }
}