{
    "dataset": "conll2003",
    "model": "elastic_distilbert_base_cased_finetuned_conll03_english",
    "dataset_params": {
        "shuffle": true,
        "shuffle_seed": 0,
        "N": 500,
        "split": "test"
    },
    "eval_params": {
        "device": "cpu",
        "metrics": [
            "seqeval"
        ],
        "other_params": {
            "input_column": "tokens",
            "label_column": "ner_tags"
        }
    },
    "eval": {
        "LOC": {
            "precision": 0.9113924050632911,
            "recall": 0.935064935064935,
            "f1": 0.923076923076923,
            "number": 231
        },
        "MISC": {
            "precision": 0.7428571428571429,
            "recall": 0.7959183673469388,
            "f1": 0.768472906403941,
            "number": 98
        },
        "ORG": {
            "precision": 0.8604651162790697,
            "recall": 0.8809523809523809,
            "f1": 0.8705882352941177,
            "number": 252
        },
        "PER": {
            "precision": 0.9541984732824428,
            "recall": 0.9727626459143969,
            "f1": 0.9633911368015414,
            "number": 257
        },
        "overall_precision": 0.888631090487239,
        "overall_recall": 0.9140811455847255,
        "overall_f1": 0.9011764705882354,
        "overall_accuracy": 0.978547122355378,
        "total_time_in_seconds": 40.28810144599993,
        "samples_per_second": 12.410612117579527,
        "latency_in_seconds": 0.08057620289199986,
        "model_parameter_count": 65197833
    }
}