{
    "dataset": "wnut_17",
    "model": "muhtasham_bert_small_finetuned_wnut17_ner",
    "dataset_params": {
        "shuffle": true,
        "shuffle_seed": 0,
        "N": 500,
        "split": "test"
    },
    "eval_params": {
        "device": "cpu",
        "metrics": [
            "seqeval"
        ],
        "other_params": {
            "input_column": "tokens",
            "label_column": "ner_tags"
        }
    },
    "eval": {
        "corporation": {
            "precision": 0.0,
            "recall": 0.0,
            "f1": 0.0,
            "number": 24
        },
        "creative-work": {
            "precision": 0.0,
            "recall": 0.0,
            "f1": 0.0,
            "number": 48
        },
        "group": {
            "precision": 0.0,
            "recall": 0.0,
            "f1": 0.0,
            "number": 67
        },
        "location": {
            "precision": 0.5121951219512195,
            "recall": 0.3888888888888889,
            "f1": 0.4421052631578948,
            "number": 54
        },
        "person": {
            "precision": 0.8210526315789474,
            "recall": 0.4727272727272727,
            "f1": 0.6,
            "number": 165
        },
        "product": {
            "precision": 0.0,
            "recall": 0.0,
            "f1": 0.0,
            "number": 47
        },
        "overall_precision": 0.6036585365853658,
        "overall_recall": 0.24444444444444444,
        "overall_f1": 0.34797891036906853,
        "overall_accuracy": 0.9414910025706941,
        "total_time_in_seconds": 17.31487243100014,
        "samples_per_second": 28.876909257778404,
        "latency_in_seconds": 0.03462974486200028,
        "model_parameter_count": 28507661
    }
}