{
    "dataset": "squad_v2",
    "model": "sultan_biom_albert_xxlarge_squad2",
    "dataset_params": {
        "shuffle": true,
        "shuffle_seed": 0,
        "N": 250
    },
    "eval_params": {
        "device": "cpu",
        "metrics": [
            "squad_v2"
        ],
        "other_params": {
            "question_column": "question",
            "context_column": "context",
            "id_column": "id",
            "label_column": "answers",
            "squad_v2_format": true
        }
    },
    "eval": {
        "exact": 83.2,
        "f1": 86.32760324642678,
        "total": 250,
        "HasAns_exact": 80.48780487804878,
        "HasAns_f1": 86.84472204558288,
        "HasAns_total": 123,
        "NoAns_exact": 85.8267716535433,
        "NoAns_f1": 85.8267716535433,
        "NoAns_total": 127,
        "best_exact": 83.2,
        "best_exact_thresh": 0.9976146817207336,
        "best_f1": 86.32760324642676,
        "best_f1_thresh": 0.9976146817207336,
        "total_time_in_seconds": 3988.582089429001,
        "samples_per_second": 0.06267891556314681,
        "latency_in_seconds": 15.954328357716003,
        "model_parameter_count": 205822466
    }
}